<?xml version="1.0" encoding="UTF-8"?><rss version="2.0"
	xmlns:content="http://purl.org/rss/1.0/modules/content/"
	xmlns:wfw="http://wellformedweb.org/CommentAPI/"
	xmlns:dc="http://purl.org/dc/elements/1.1/"
	xmlns:atom="http://www.w3.org/2005/Atom"
	xmlns:sy="http://purl.org/rss/1.0/modules/syndication/"
	xmlns:slash="http://purl.org/rss/1.0/modules/slash/"
	>

<channel>
	<title>Train Well</title>
	<atom:link href="http://localhost/feed/?simply_static_page=1289" rel="self" type="application/rss+xml" />
	<link>/</link>
	<description>Engaging Learning Solutions</description>
	<lastBuildDate>Wed, 15 Feb 2023 13:54:33 +0000</lastBuildDate>
	<language>en-AU</language>
	<sy:updatePeriod>
	hourly	</sy:updatePeriod>
	<sy:updateFrequency>
	1	</sy:updateFrequency>
	<generator>https://wordpress.org/?v=6.1.1</generator>

<image>
	<url>/wp-content/uploads/TrainWell-Icon.png</url>
	<title>Train Well</title>
	<link>/</link>
	<width>32</width>
	<height>32</height>
</image> 
	<item>
		<title>SCORM Content fails to load for just one user &#8211; Totara LMS</title>
		<link>/scorm-fails-for-one-user/</link>
		
		<dc:creator><![CDATA[vijay]]></dc:creator>
		<pubDate>Wed, 15 Feb 2023 13:54:33 +0000</pubDate>
				<category><![CDATA[LMS Consultant]]></category>
		<guid isPermaLink="false">/?p=236</guid>

					<description><![CDATA[<p>A SCORM module that works and has worked without issue for all users for more than a year but only shows a plain white screen (no content loads) for one user. I tried multiple browsers and devices; it only fails to load for the one user. Why did this happen? The user first attempted or ... <a title="SCORM Content fails to load for just one user &#8211; Totara LMS" class="read-more" href="/scorm-fails-for-one-user/" aria-label="More on SCORM Content fails to load for just one user &#8211; Totara LMS">Read more</a></p>
<p>This post first appeared on https://trainwell.com.au/</p>
]]></description>
		
		
		
			</item>
		<item>
		<title>Seminar Events – Filter by location in Totara LMS</title>
		<link>/seminar-events-filter-totara-lms/</link>
		
		<dc:creator><![CDATA[vijay]]></dc:creator>
		<pubDate>Fri, 28 Oct 2022 11:38:35 +0000</pubDate>
				<category><![CDATA[LMS Consultant]]></category>
		<guid isPermaLink="false">/?p=201</guid>

					<description><![CDATA[<p>Do you need a simple filter to show/hide seminar events from a selected location in Totara LMS? We needed to run multiple events across multiple locations for our courses and we needed to do so across more than 50 different office locations. Since there may be 200 to 300 events every year for each course&#8230; ... <a title="Seminar Events – Filter by location in Totara LMS" class="read-more" href="/seminar-events-filter-totara-lms/" aria-label="More on Seminar Events – Filter by location in Totara LMS">Read more</a></p>
<p>This post first appeared on https://trainwell.com.au/</p>
]]></description>
		
		
		
			</item>
		<item>
		<title>Styling emails in Moodle &#038; Totara LMS</title>
		<link>/styling-emails-totara-lms/</link>
		
		<dc:creator><![CDATA[vijay]]></dc:creator>
		<pubDate>Thu, 20 Oct 2022 12:04:05 +0000</pubDate>
				<category><![CDATA[LMS Consultant]]></category>
		<category><![CDATA[Moodle]]></category>
		<category><![CDATA[Totara]]></category>
		<guid isPermaLink="false">/?p=119</guid>

					<description><![CDATA[<p>Save yourself the pain of coding your Totara email template from scratch. Brand your emails to look good in email clients like Outlook.</p>
<p>This post first appeared on https://trainwell.com.au/</p>
]]></description>
		
		
		
			</item>
		<item>
		<title>Modify the correct language string easily in Totara LMS</title>
		<link>/language-strings-totara-lms/</link>
		
		<dc:creator><![CDATA[vijay]]></dc:creator>
		<pubDate>Sat, 01 Oct 2022 00:00:00 +0000</pubDate>
				<category><![CDATA[LMS Consultant]]></category>
		<category><![CDATA[Moodle]]></category>
		<category><![CDATA[Totara]]></category>
		<guid isPermaLink="false">/?p=138</guid>

					<description><![CDATA[<p>Use the &#038;strings=1 parameter to show the origin of a language string and filter or find the correct string to modify e.g. 'Other evidence' in Record of Learning</p>
<p>This post first appeared on https://trainwell.com.au/</p>
]]></description>
		
		
		
			</item>
		<item>
		<title>How to access the free LinkedIn Learning for libraries?</title>
		<link>/linkedin-learning-for-libraries/</link>
		
		<dc:creator><![CDATA[vijay]]></dc:creator>
		<pubDate>Thu, 16 Jun 2022 02:00:00 +0000</pubDate>
				<category><![CDATA[Training]]></category>
		<guid isPermaLink="false">/?p=209</guid>

					<description><![CDATA[<p>Microsoft LinkedIn Learning (formerly Lynda.com) is my go-to learning resource. It gives you unlimited access to video tutorials on a wide range of topics. Follow the steps below to access LinkedIn Learning for Libraries for free using your library card number and PIN. The numerous business and productivity courses on LinkedIn Learning helped me as ... <a title="How to access the free LinkedIn Learning for libraries?" class="read-more" href="/linkedin-learning-for-libraries/" aria-label="More on How to access the free LinkedIn Learning for libraries?">Read more</a></p>
<p>This post first appeared on https://trainwell.com.au/</p>
]]></description>
		
		
		
			</item>
		<item>
		<title>Icons in Totara LMS</title>
		<link>/icons-in-totara-lms/</link>
		
		<dc:creator><![CDATA[vijay]]></dc:creator>
		<pubDate>Wed, 15 Jun 2022 14:00:00 +0000</pubDate>
				<category><![CDATA[LMS Consultant]]></category>
		<guid isPermaLink="false">/?p=139</guid>

					<description><![CDATA[<p>Use the SVG icons already available in Totara LMS rather than adding images. Add them as SPAN tag. Add classes to change icon size and colour. </p>
<p>This post first appeared on https://trainwell.com.au/</p>
]]></description>
		
		
		
			</item>
	</channel>
</rss>
